{
  "clients": {
    "0": [
      38,
      48
    ],
    "1": [
      -34,
      10
    ],
    "2": [
      -30,
      -15
    ],
    "3": [
      7,
      -37
    ],
    "4": [
      -18,
      -35
    ],
    "5": [
      48,
      4
    ],
    "6": [
      -20,
      -18
    ],
    "7": [
      -11,
      -30
    ],
    "8": [
      -16,
      10
    ],
    "9": [
      33,
      -40
    ],
    "10": [
      31,
      -12
    ],
    "11": [
      -12,
      -11
    ],
    "12": [
      -32,
      -18
    ],
    "13": [
      15,
      -38
    ],
    "14": [
      15,
      45
    ],
    "15": [
      40,
      -40
    ],
    "16": [
      -2,
      24
    ],
    "17": [
      48,
      39
    ],
    "18": [
      22,
      -24
    ],
    "19": [
      -50,
      2
    ],
    "20": [
      10,
      25
    ],
    "21": [
      -35,
      2
    ],
    "22": [
      -11,
      19
    ],
    "23": [
      10,
      -39
    ],
    "24": [
      -6,
      9
    ],
    "25": [
      12,
      26
    ],
    "26": [
      -4,
      -10
    ],
    "27": [
      27,
      34
    ],
    "28": [
      3,
      12
    ],
    "29": [
      -20,
      9
    ],
    "30": [
      -36,
      -27
    ],
    "31": [
      -48,
      -28
    ],
    "32": [
      -49,
      -26
    ],
    "33": [
      -50,
      6
    ],
    "34": [
      -35,
      24
    ],
    "35": [
      -11,
      35
    ],
    "36": [
      -15,
      -40
    ],
    "37": [
      2,
      9
    ],
    "38": [
      1,
      1
    ],
    "39": [
      -42,
      10
    ],
    "40": [
      3,
      -12
    ],
    "41": [
      -28,
      34
    ],
    "42": [
      -8,
      7
    ],
    "43": [
      -44,
      11
    ],
    "44": [
      -21,
      -47
    ],
    "45": [
      43,
      37
    ],
    "46": [
      -12,
      15
    ],
    "47": [
      35,
      -25
    ],
    "48": [
      -30,
      40
    ],
    "49": [
      39,
      0
    ],
    "50": [
      10,
      -43
    ],
    "51": [
      17,
      -2
    ],
    "52": [
      38,
      -35
    ],
    "53": [
      -17,
      -38
    ],
    "54": [
      -47,
      38
    ],
    "55": [
      -37,
      16
    ],
    "56": [
      30,
      17
    ],
    "57": [
      28,
      -33
    ],
    "58": [
      10,
      -4
    ],
    "59": [
      17,
      37
    ],
    "60": [
      46,
      -36
    ],
    "61": [
      -15,
      21
    ],
    "62": [
      -6,
      4
    ],
    "63": [
      -26,
      -39
    ],
    "64": [
      -7,
      21
    ],
    "65": [
      -23,
      -27
    ],
    "66": [
      44,
      -15
    ],
    "67": [
      16,
      29
    ],
    "68": [
      -11,
      25
    ],
    "69": [
      -28,
      -48
    ],
    "70": [
      4,
      -23
    ],
    "71": [
      -19,
      20
    ],
    "72": [
      -16,
      -34
    ],
    "73": [
      -5,
      21
    ],
    "74": [
      -29,
      39
    ],
    "75": [
      -45,
      -22
    ],
    "76": [
      12,
      2
    ],
    "77": [
      37,
      49
    ],
    "78": [
      -42,
      -15
    ],
    "79": [
      -20,
      -19
    ],
    "80": [
      11,
      8
    ],
    "81": [
      -11,
      15
    ],
    "82": [
      8,
      -5
    ],
    "83": [
      -35,
      -11
    ],
    "84": [
      -24,
      50
    ],
    "85": [
      41,
      17
    ],
    "86": [
      -7,
      22
    ],
    "87": [
      23,
      32
    ],
    "88": [
      -17,
      -30
    ],
    "89": [
      46,
      31
    ],
    "90": [
      -45,
      4
    ],
    "91": [
      -47,
      -7
    ],
    "92": [
      -8,
      -48
    ],
    "93": [
      34,
      5
    ],
    "94": [
      -43,
      2
    ],
    "95": [
      1,
      -33
    ],
    "96": [
      16,
      38
    ],
    "97": [
      23,
      28
    ],
    "98": [
      -29,
      -44
    ],
    "99": [
      -28,
      10
    ],
    "100": [
      -8,
      -20
    ],
    "101": [
      19,
      2
    ],
    "102": [
      3,
      -38
    ],
    "103": [
      17,
      1
    ],
    "104": [
      37,
      26
    ],
    "105": [
      8,
      32
    ],
    "106": [
      -5,
      -24
    ],
    "107": [
      8,
      -49
    ],
    "108": [
      48,
      -11
    ],
    "109": [
      18,
      -3
    ],
    "110": [
      24,
      29
    ],
    "111": [
      5,
      -43
    ],
    "112": [
      -10,
      -38
    ],
    "113": [
      -42,
      -18
    ],
    "114": [
      -7,
      36
    ],
    "115": [
      46,
      -33
    ],
    "116": [
      -30,
      29
    ],
    "117": [
      32,
      -47
    ],
    "118": [
      -12,
      40
    ],
    "119": [
      31,
      11
    ],
    "120": [
      8,
      -27
    ],
    "121": [
      -8,
      21
    ],
    "122": [
      21,
      -9
    ],
    "123": [
      5,
      14
    ],
    "124": [
      -11,
      -45
    ],
    "125": [
      19,
      -10
    ],
    "126": [
      20,
      -2
    ],
    "127": [
      -45,
      -35
    ],
    "128": [
      7,
      27
    ],
    "129": [
      9,
      -3
    ],
    "130": [
      40,
      -7
    ],
    "131": [
      -46,
      35
    ],
    "132": [
      42,
      -9
    ],
    "133": [
      44,
      -18
    ],
    "134": [
      -6,
      -11
    ],
    "135": [
      12,
      0
    ],
    "136": [
      48,
      22
    ],
    "137": [
      4,
      -15
    ],
    "138": [
      -8,
      -47
    ],
    "139": [
      8,
      1
    ],
    "140": [
      30,
      38
    ],
    "141": [
      -46,
      47
    ],
    "142": [
      24,
      13
    ],
    "143": [
      -37,
      -48
    ],
    "144": [
      -21,
      20
    ],
    "145": [
      23,
      -45
    ],
    "146": [
      -2,
      42
    ],
    "147": [
      -21,
      20
    ],
    "148": [
      23,
      23
    ],
    "149": [
      -15,
      9
    ],
    "150": [
      -13,
      36
    ],
    "151": [
      -13,
      -25
    ],
    "152": [
      -28,
      20
    ],
    "153": [
      29,
      -45
    ],
    "154": [
      30,
      44
    ],
    "155": [
      23,
      -22
    ],
    "156": [
      42,
      30
    ],
    "157": [
      3,
      -44
    ],
    "158": [
      34,
      22
    ],
    "159": [
      46,
      -42
    ],
    "160": [
      -17,
      45
    ],
    "161": [
      -47,
      3
    ],
    "162": [
      -29,
      -42
    ],
    "163": [
      -18,
      -18
    ],
    "164": [
      -30,
      -17
    ],
    "165": [
      -19,
      -34
    ],
    "166": [
      -46,
      26
    ],
    "167": [
      -45,
      -46
    ],
    "168": [
      25,
      -46
    ],
    "169": [
      40,
      -10
    ],
    "170": [
      -44,
      -18
    ],
    "171": [
      -3,
      -38
    ],
    "172": [
      2,
      -35
    ],
    "173": [
      7,
      35
    ],
    "174": [
      27,
      -24
    ],
    "175": [
      -42,
      4
    ],
    "176": [
      15,
      -40
    ],
    "177": [
      32,
      44
    ],
    "178": [
      -14,
      10
    ],
    "179": [
      -5,
      41
    ],
    "180": [
      -27,
      12
    ],
    "181": [
      2,
      13
    ],
    "182": [
      -41,
      43
    ],
    "183": [
      38,
      -37
    ],
    "184": [
      -7,
      44
    ],
    "185": [
      -15,
      5
    ],
    "186": [
      48,
      -44
    ],
    "187": [
      29,
      37
    ],
    "188": [
      16,
      -50
    ],
    "189": [
      9,
      17
    ],
    "190": [
      41,
      36
    ],
    "191": [
      -23,
      -24
    ],
    "192": [
      -35,
      -16
    ],
    "193": [
      -31,
      5
    ],
    "194": [
      -18,
      49
    ],
    "195": [
      -16,
      -38
    ],
    "196": [
      -8,
      -31
    ],
    "197": [
      -13,
      -20
    ],
    "198": [
      -8,
      3
    ],
    "199": [
      -6,
      -20
    ]
  },
  "depots": {
    "200": [
      -46,
      7
    ],
    "201": [
      -37,
      45
    ],
    "202": [
      -28,
      44
    ],
    "203": [
      -6,
      -25
    ],
    "204": [
      10,
      50
    ],
    "205": [
      23,
      -25
    ],
    "206": [
      -14,
      -17
    ],
    "207": [
      -1,
      27
    ],
    "208": [
      -7,
      -42
    ],
    "209": [
      -37,
      32
    ],
    "210": [
      9,
      -5
    ],
    "211": [
      -18,
      46
    ],
    "212": [
      -9,
      17
    ],
    "213": [
      -28,
      42
    ],
    "214": [
      -6,
      -34
    ],
    "215": [
      37,
      -15
    ],
    "216": [
      37,
      -23
    ],
    "217": [
      40,
      -23
    ],
    "218": [
      -15,
      16
    ],
    "219": [
      49,
      -11
    ],
    "220": [
      -30,
      -26
    ],
    "221": [
      35,
      41
    ],
    "222": [
      28,
      -15
    ],
    "223": [
      14,
      46
    ],
    "224": [
      -26,
      -46
    ],
    "225": [
      23,
      -40
    ],
    "226": [
      28,
      30
    ],
    "227": [
      13,
      -40
    ],
    "228": [
      41,
      47
    ],
    "229": [
      47,
      15
    ]
  },
  "maxDist": 30,
  "nbCover": 1
}