{
  "clients": {
    "0": [
      -45,
      -11
    ],
    "1": [
      26,
      -21
    ],
    "2": [
      -35,
      15
    ],
    "3": [
      -40,
      24
    ],
    "4": [
      49,
      -2
    ],
    "5": [
      2,
      33
    ],
    "6": [
      -5,
      -12
    ],
    "7": [
      43,
      -4
    ],
    "8": [
      21,
      27
    ],
    "9": [
      46,
      -22
    ],
    "10": [
      -2,
      13
    ],
    "11": [
      22,
      35
    ],
    "12": [
      -1,
      30
    ],
    "13": [
      -27,
      -24
    ],
    "14": [
      36,
      -3
    ],
    "15": [
      -29,
      -14
    ],
    "16": [
      -50,
      -7
    ],
    "17": [
      10,
      -10
    ],
    "18": [
      -6,
      -20
    ],
    "19": [
      41,
      -8
    ],
    "20": [
      12,
      -27
    ],
    "21": [
      -7,
      31
    ],
    "22": [
      31,
      32
    ],
    "23": [
      11,
      -24
    ],
    "24": [
      46,
      34
    ],
    "25": [
      9,
      -30
    ],
    "26": [
      2,
      25
    ],
    "27": [
      12,
      -30
    ],
    "28": [
      -9,
      30
    ],
    "29": [
      40,
      -14
    ]
  },
  "depots": {
    "30": [
      30,
      -9
    ],
    "31": [
      27,
      -8
    ],
    "32": [
      31,
      11
    ],
    "33": [
      -47,
      35
    ],
    "34": [
      -21,
      -35
    ],
    "35": [
      36,
      -5
    ],
    "36": [
      -11,
      9
    ],
    "37": [
      35,
      3
    ],
    "38": [
      0,
      39
    ],
    "39": [
      -49,
      -31
    ],
    "40": [
      41,
      48
    ],
    "41": [
      -10,
      22
    ],
    "42": [
      47,
      -3
    ],
    "43": [
      -9,
      13
    ],
    "44": [
      -38,
      -12
    ]
  },
  "maxDist": 30,
  "nbCover": 2
}