{
  "clients": {
    "0": [
      2,
      31
    ],
    "1": [
      19,
      -16
    ],
    "2": [
      -35,
      37
    ],
    "3": [
      -5,
      27
    ],
    "4": [
      -16,
      -23
    ],
    "5": [
      41,
      6
    ],
    "6": [
      12,
      19
    ],
    "7": [
      14,
      -21
    ],
    "8": [
      -14,
      -39
    ],
    "9": [
      45,
      -16
    ],
    "10": [
      0,
      5
    ],
    "11": [
      12,
      -50
    ],
    "12": [
      26,
      -48
    ],
    "13": [
      0,
      26
    ],
    "14": [
      27,
      9
    ],
    "15": [
      -7,
      -39
    ],
    "16": [
      -41,
      7
    ],
    "17": [
      40,
      -20
    ],
    "18": [
      8,
      3
    ],
    "19": [
      38,
      27
    ],
    "20": [
      8,
      34
    ],
    "21": [
      11,
      -23
    ],
    "22": [
      8,
      -42
    ],
    "23": [
      -34,
      18
    ],
    "24": [
      9,
      -9
    ],
    "25": [
      -12,
      -24
    ],
    "26": [
      11,
      19
    ],
    "27": [
      -18,
      -31
    ],
    "28": [
      -40,
      40
    ],
    "29": [
      -10,
      -14
    ],
    "30": [
      37,
      -12
    ],
    "31": [
      -23,
      14
    ],
    "32": [
      24,
      -9
    ],
    "33": [
      -1,
      11
    ],
    "34": [
      -17,
      -37
    ],
    "35": [
      7,
      -20
    ],
    "36": [
      -18,
      26
    ],
    "37": [
      -32,
      -35
    ],
    "38": [
      37,
      -40
    ],
    "39": [
      -4,
      3
    ],
    "40": [
      -26,
      -21
    ],
    "41": [
      41,
      10
    ],
    "42": [
      -21,
      37
    ],
    "43": [
      -22,
      4
    ],
    "44": [
      31,
      19
    ],
    "45": [
      -31,
      -40
    ],
    "46": [
      -25,
      -15
    ],
    "47": [
      10,
      -12
    ],
    "48": [
      -4,
      13
    ],
    "49": [
      -24,
      28
    ],
    "50": [
      45,
      -1
    ],
    "51": [
      14,
      -43
    ],
    "52": [
      -24,
      -13
    ],
    "53": [
      -34,
      9
    ],
    "54": [
      23,
      -49
    ],
    "55": [
      33,
      -4
    ],
    "56": [
      7,
      46
    ],
    "57": [
      38,
      41
    ],
    "58": [
      -22,
      -35
    ],
    "59": [
      -50,
      46
    ],
    "60": [
      1,
      26
    ],
    "61": [
      8,
      -8
    ],
    "62": [
      -4,
      35
    ],
    "63": [
      15,
      9
    ],
    "64": [
      13,
      -3
    ],
    "65": [
      -17,
      9
    ],
    "66": [
      29,
      -34
    ],
    "67": [
      31,
      -45
    ],
    "68": [
      6,
      -28
    ],
    "69": [
      -7,
      16
    ],
    "70": [
      -4,
      -47
    ],
    "71": [
      40,
      5
    ],
    "72": [
      -16,
      -40
    ],
    "73": [
      3,
      -14
    ],
    "74": [
      -22,
      -2
    ],
    "75": [
      -8,
      -31
    ],
    "76": [
      33,
      41
    ],
    "77": [
      -7,
      -7
    ],
    "78": [
      39,
      9
    ],
    "79": [
      -9,
      -15
    ]
  },
  "depots": {
    "80": [
      -13,
      9
    ],
    "81": [
      -1,
      -36
    ],
    "82": [
      3,
      -34
    ],
    "83": [
      -49,
      37
    ],
    "84": [
      -35,
      31
    ],
    "85": [
      -24,
      -24
    ],
    "86": [
      37,
      -5
    ],
    "87": [
      2,
      9
    ],
    "88": [
      -6,
      17
    ],
    "89": [
      46,
      11
    ],
    "90": [
      12,
      17
    ],
    "91": [
      43,
      -5
    ],
    "92": [
      31,
      18
    ],
    "93": [
      26,
      -14
    ],
    "94": [
      39,
      27
    ],
    "95": [
      -4,
      -46
    ],
    "96": [
      30,
      16
    ],
    "97": [
      34,
      42
    ],
    "98": [
      33,
      -25
    ],
    "99": [
      1,
      -1
    ]
  },
  "maxDist": 30,
  "nbCover": 2
}