{
  "clients": {
    "0": [
      14,
      -8
    ],
    "1": [
      49,
      -16
    ],
    "2": [
      -24,
      -33
    ],
    "3": [
      -16,
      -17
    ],
    "4": [
      39,
      -14
    ],
    "5": [
      49,
      -32
    ],
    "6": [
      -10,
      -37
    ],
    "7": [
      -7,
      -33
    ],
    "8": [
      32,
      42
    ],
    "9": [
      11,
      38
    ],
    "10": [
      1,
      -49
    ],
    "11": [
      -46,
      -8
    ],
    "12": [
      -17,
      -18
    ],
    "13": [
      28,
      23
    ],
    "14": [
      -14,
      38
    ],
    "15": [
      19,
      45
    ],
    "16": [
      44,
      -38
    ],
    "17": [
      3,
      -41
    ],
    "18": [
      29,
      -12
    ],
    "19": [
      -15,
      -10
    ]
  },
  "depots": {
    "20": [
      31,
      -36
    ],
    "21": [
      25,
      -19
    ],
    "22": [
      23,
      -13
    ],
    "23": [
      -15,
      23
    ],
    "24": [
      -37,
      46
    ],
    "25": [
      3,
      17
    ],
    "26": [
      -38,
      -5
    ],
    "27": [
      -34,
      -13
    ],
    "28": [
      44,
      -17
    ],
    "29": [
      -13,
      -49
    ],
    "30": [
      23,
      29
    ],
    "31": [
      -42,
      14
    ],
    "32": [
      13,
      -43
    ],
    "33": [
      -39,
      25
    ],
    "34": [
      13,
      3
    ]
  },
  "maxDist": 30,
  "nbCover": 1
}