{
  "clients": {
    "0": [
      -30,
      -1
    ],
    "1": [
      -2,
      -9
    ],
    "2": [
      1,
      10
    ],
    "3": [
      -35,
      21
    ],
    "4": [
      -19,
      -12
    ],
    "5": [
      -34,
      22
    ],
    "6": [
      4,
      -35
    ],
    "7": [
      22,
      18
    ],
    "8": [
      6,
      -31
    ],
    "9": [
      -28,
      22
    ],
    "10": [
      -12,
      2
    ],
    "11": [
      30,
      7
    ],
    "12": [
      -44,
      2
    ],
    "13": [
      -38,
      -6
    ],
    "14": [
      7,
      -31
    ],
    "15": [
      8,
      -28
    ],
    "16": [
      10,
      -14
    ],
    "17": [
      -29,
      3
    ],
    "18": [
      -1,
      27
    ],
    "19": [
      7,
      8
    ],
    "20": [
      2,
      -43
    ],
    "21": [
      -31,
      -2
    ],
    "22": [
      14,
      16
    ],
    "23": [
      -13,
      -29
    ],
    "24": [
      -24,
      13
    ],
    "25": [
      -26,
      35
    ],
    "26": [
      -18,
      12
    ],
    "27": [
      -3,
      -34
    ],
    "28": [
      19,
      -11
    ],
    "29": [
      29,
      10
    ],
    "30": [
      -24,
      10
    ],
    "31": [
      -6,
      10
    ],
    "32": [
      -22,
      39
    ],
    "33": [
      27,
      4
    ],
    "34": [
      -37,
      18
    ],
    "35": [
      -41,
      17
    ],
    "36": [
      21,
      5
    ],
    "37": [
      -25,
      37
    ],
    "38": [
      16,
      31
    ],
    "39": [
      14,
      -2
    ]
  },
  "depots": {
    "40": [
      -25,
      6
    ],
    "41": [
      -29,
      46
    ],
    "42": [
      -16,
      17
    ],
    "43": [
      2,
      16
    ],
    "44": [
      12,
      3
    ],
    "45": [
      5,
      16
    ],
    "46": [
      2,
      0
    ],
    "47": [
      -44,
      -49
    ],
    "48": [
      -39,
      -12
    ],
    "49": [
      3,
      -27
    ],
    "50": [
      4,
      -32
    ],
    "51": [
      -24,
      20
    ],
    "52": [
      32,
      23
    ],
    "53": [
      -11,
      29
    ],
    "54": [
      -19,
      23
    ]
  },
  "maxDist": 20,
  "nbCover": 2
}