{
  "clients": {
    "0": [
      28,
      -44
    ],
    "1": [
      3,
      -1
    ],
    "2": [
      -22,
      -25
    ],
    "3": [
      -46,
      4
    ],
    "4": [
      45,
      10
    ],
    "5": [
      47,
      24
    ],
    "6": [
      -44,
      35
    ],
    "7": [
      -20,
      -33
    ],
    "8": [
      -19,
      -30
    ],
    "9": [
      12,
      -35
    ],
    "10": [
      -38,
      -47
    ],
    "11": [
      20,
      -9
    ],
    "12": [
      15,
      17
    ],
    "13": [
      -18,
      8
    ],
    "14": [
      -10,
      -29
    ],
    "15": [
      -30,
      -7
    ],
    "16": [
      -8,
      -1
    ],
    "17": [
      36,
      -41
    ],
    "18": [
      20,
      21
    ],
    "19": [
      13,
      19
    ],
    "20": [
      48,
      -48
    ],
    "21": [
      7,
      -23
    ],
    "22": [
      -45,
      0
    ],
    "23": [
      -17,
      -24
    ],
    "24": [
      41,
      -12
    ],
    "25": [
      10,
      27
    ],
    "26": [
      22,
      -44
    ],
    "27": [
      33,
      21
    ],
    "28": [
      -30,
      -4
    ],
    "29": [
      -33,
      6
    ],
    "30": [
      26,
      7
    ],
    "31": [
      42,
      47
    ],
    "32": [
      -24,
      -46
    ],
    "33": [
      -30,
      -1
    ],
    "34": [
      -29,
      -29
    ],
    "35": [
      37,
      -4
    ],
    "36": [
      -32,
      44
    ],
    "37": [
      -23,
      -12
    ],
    "38": [
      -27,
      13
    ],
    "39": [
      14,
      37
    ],
    "40": [
      -22,
      25
    ],
    "41": [
      -9,
      13
    ],
    "42": [
      14,
      12
    ],
    "43": [
      5,
      -48
    ],
    "44": [
      -36,
      30
    ],
    "45": [
      -47,
      36
    ],
    "46": [
      -26,
      22
    ],
    "47": [
      3,
      10
    ],
    "48": [
      -35,
      7
    ],
    "49": [
      -34,
      -28
    ]
  },
  "depots": {
    "50": [
      -10,
      -8
    ],
    "51": [
      14,
      17
    ],
    "52": [
      39,
      -31
    ],
    "53": [
      12,
      40
    ],
    "54": [
      19,
      47
    ],
    "55": [
      -5,
      22
    ],
    "56": [
      -16,
      21
    ],
    "57": [
      -33,
      -26
    ],
    "58": [
      36,
      9
    ],
    "59": [
      17,
      -25
    ],
    "60": [
      -6,
      -47
    ],
    "61": [
      3,
      -48
    ],
    "62": [
      26,
      13
    ],
    "63": [
      -15,
      -32
    ],
    "64": [
      7,
      12
    ],
    "65": [
      -41,
      13
    ],
    "66": [
      -43,
      -22
    ],
    "67": [
      -10,
      2
    ],
    "68": [
      -36,
      -22
    ],
    "69": [
      11,
      18
    ],
    "70": [
      -21,
      -41
    ],
    "71": [
      -24,
      -32
    ],
    "72": [
      -20,
      5
    ],
    "73": [
      6,
      -50
    ],
    "74": [
      41,
      28
    ]
  },
  "maxDist": 30,
  "nbCover": 1
}