{
  "clients": {
    "0": [
      18,
      39
    ],
    "1": [
      -25,
      13
    ],
    "2": [
      48,
      19
    ],
    "3": [
      22,
      -33
    ],
    "4": [
      48,
      -37
    ],
    "5": [
      -23,
      0
    ],
    "6": [
      19,
      24
    ],
    "7": [
      41,
      28
    ],
    "8": [
      -37,
      -21
    ],
    "9": [
      -14,
      -4
    ],
    "10": [
      5,
      -17
    ],
    "11": [
      26,
      -36
    ],
    "12": [
      -5,
      -36
    ],
    "13": [
      -14,
      45
    ],
    "14": [
      -18,
      43
    ],
    "15": [
      -43,
      -50
    ],
    "16": [
      -23,
      4
    ],
    "17": [
      -7,
      -37
    ],
    "18": [
      34,
      34
    ],
    "19": [
      -3,
      11
    ],
    "20": [
      28,
      -50
    ],
    "21": [
      -45,
      -20
    ],
    "22": [
      -46,
      -20
    ],
    "23": [
      0,
      0
    ],
    "24": [
      0,
      14
    ],
    "25": [
      -27,
      -41
    ],
    "26": [
      50,
      -35
    ],
    "27": [
      -19,
      -5
    ],
    "28": [
      -28,
      6
    ],
    "29": [
      43,
      -42
    ],
    "30": [
      44,
      -36
    ],
    "31": [
      26,
      18
    ],
    "32": [
      -12,
      41
    ],
    "33": [
      10,
      31
    ],
    "34": [
      23,
      3
    ],
    "35": [
      -17,
      -2
    ],
    "36": [
      37,
      38
    ],
    "37": [
      45,
      24
    ],
    "38": [
      -48,
      25
    ],
    "39": [
      4,
      -34
    ],
    "40": [
      -40,
      14
    ],
    "41": [
      -7,
      25
    ],
    "42": [
      17,
      -21
    ],
    "43": [
      18,
      19
    ],
    "44": [
      -9,
      49
    ],
    "45": [
      -19,
      -20
    ],
    "46": [
      9,
      -15
    ],
    "47": [
      -14,
      -36
    ],
    "48": [
      -23,
      1
    ],
    "49": [
      -15,
      -33
    ],
    "50": [
      -48,
      -47
    ],
    "51": [
      -8,
      30
    ],
    "52": [
      5,
      -37
    ],
    "53": [
      48,
      -1
    ],
    "54": [
      8,
      -30
    ],
    "55": [
      32,
      19
    ],
    "56": [
      1,
      -31
    ],
    "57": [
      47,
      -16
    ],
    "58": [
      38,
      6
    ],
    "59": [
      -2,
      -42
    ],
    "60": [
      1,
      45
    ],
    "61": [
      -15,
      -29
    ],
    "62": [
      0,
      -2
    ],
    "63": [
      -23,
      -21
    ],
    "64": [
      49,
      -9
    ],
    "65": [
      16,
      42
    ],
    "66": [
      -45,
      -43
    ],
    "67": [
      -43,
      20
    ],
    "68": [
      0,
      -46
    ],
    "69": [
      -25,
      -33
    ],
    "70": [
      -43,
      27
    ],
    "71": [
      -9,
      -47
    ],
    "72": [
      -17,
      29
    ],
    "73": [
      26,
      -18
    ],
    "74": [
      26,
      20
    ],
    "75": [
      18,
      48
    ],
    "76": [
      -32,
      -37
    ],
    "77": [
      21,
      0
    ],
    "78": [
      7,
      -8
    ],
    "79": [
      -4,
      -38
    ],
    "80": [
      -17,
      16
    ],
    "81": [
      -45,
      29
    ],
    "82": [
      18,
      20
    ],
    "83": [
      36,
      -38
    ],
    "84": [
      -6,
      -37
    ],
    "85": [
      18,
      28
    ],
    "86": [
      -25,
      -36
    ],
    "87": [
      40,
      42
    ],
    "88": [
      27,
      9
    ],
    "89": [
      -24,
      11
    ],
    "90": [
      42,
      -22
    ],
    "91": [
      -18,
      7
    ],
    "92": [
      -1,
      30
    ],
    "93": [
      20,
      -31
    ],
    "94": [
      29,
      -44
    ],
    "95": [
      10,
      -40
    ],
    "96": [
      34,
      11
    ],
    "97": [
      13,
      -10
    ],
    "98": [
      7,
      -42
    ],
    "99": [
      -8,
      21
    ]
  },
  "depots": {
    "100": [
      35,
      39
    ],
    "101": [
      31,
      22
    ],
    "102": [
      -28,
      -44
    ],
    "103": [
      -40,
      -11
    ],
    "104": [
      -21,
      15
    ],
    "105": [
      -38,
      27
    ],
    "106": [
      36,
      -34
    ],
    "107": [
      22,
      -10
    ],
    "108": [
      -27,
      23
    ],
    "109": [
      -37,
      -39
    ],
    "110": [
      -25,
      -48
    ],
    "111": [
      -9,
      -46
    ],
    "112": [
      10,
      -6
    ],
    "113": [
      22,
      47
    ],
    "114": [
      -10,
      -44
    ],
    "115": [
      -8,
      41
    ],
    "116": [
      35,
      24
    ],
    "117": [
      42,
      23
    ],
    "118": [
      32,
      -34
    ],
    "119": [
      -24,
      4
    ],
    "120": [
      -19,
      4
    ],
    "121": [
      19,
      -19
    ],
    "122": [
      32,
      29
    ],
    "123": [
      48,
      7
    ],
    "124": [
      -12,
      -15
    ],
    "125": [
      44,
      -48
    ],
    "126": [
      -35,
      -23
    ],
    "127": [
      27,
      -28
    ],
    "128": [
      -9,
      -36
    ],
    "129": [
      -40,
      -29
    ]
  },
  "maxDist": 30,
  "nbCover": 1
}