{
  "clients": {
    "0": [
      40,
      -10
    ],
    "1": [
      18,
      -26
    ],
    "2": [
      18,
      -10
    ],
    "3": [
      44,
      -9
    ],
    "4": [
      22,
      8
    ],
    "5": [
      41,
      -15
    ],
    "6": [
      -28,
      42
    ],
    "7": [
      -1,
      38
    ],
    "8": [
      38,
      -1
    ],
    "9": [
      -6,
      -15
    ]
  },
  "depots": {
    "10": [
      22,
      -18
    ],
    "11": [
      -15,
      3
    ],
    "12": [
      -9,
      49
    ],
    "13": [
      -3,
      -36
    ],
    "14": [
      20,
      -38
    ]
  },
  "maxDist": 30,
  "nbCover": 1
}