{
  "clients": {
    "0": [
      -2,
      32
    ],
    "1": [
      16,
      31
    ],
    "2": [
      8,
      32
    ],
    "3": [
      7,
      17
    ],
    "4": [
      -33,
      -21
    ],
    "5": [
      -21,
      32
    ],
    "6": [
      41,
      -16
    ],
    "7": [
      42,
      9
    ],
    "8": [
      12,
      2
    ],
    "9": [
      3,
      -5
    ],
    "10": [
      20,
      -4
    ],
    "11": [
      42,
      -35
    ],
    "12": [
      -7,
      45
    ],
    "13": [
      -14,
      -39
    ],
    "14": [
      35,
      -16
    ],
    "15": [
      -34,
      32
    ],
    "16": [
      17,
      -22
    ],
    "17": [
      12,
      5
    ],
    "18": [
      -42,
      -5
    ],
    "19": [
      -15,
      -38
    ],
    "20": [
      35,
      13
    ],
    "21": [
      -35,
      -19
    ],
    "22": [
      34,
      -10
    ],
    "23": [
      32,
      33
    ],
    "24": [
      25,
      -25
    ],
    "25": [
      -25,
      19
    ],
    "26": [
      -41,
      14
    ],
    "27": [
      32,
      22
    ],
    "28": [
      50,
      -13
    ],
    "29": [
      -40,
      -28
    ]
  },
  "depots": {
    "30": [
      45,
      29
    ],
    "31": [
      -32,
      30
    ],
    "32": [
      -43,
      46
    ],
    "33": [
      -15,
      25
    ],
    "34": [
      35,
      9
    ],
    "35": [
      20,
      -19
    ],
    "36": [
      -22,
      -16
    ],
    "37": [
      31,
      -41
    ],
    "38": [
      -16,
      29
    ],
    "39": [
      3,
      48
    ],
    "40": [
      7,
      -14
    ],
    "41": [
      12,
      -21
    ],
    "42": [
      -17,
      36
    ],
    "43": [
      24,
      9
    ],
    "44": [
      38,
      -37
    ],
    "45": [
      37,
      40
    ],
    "46": [
      24,
      46
    ],
    "47": [
      30,
      -41
    ],
    "48": [
      5,
      46
    ],
    "49": [
      45,
      8
    ]
  },
  "maxDist": 30,
  "nbCover": 1
}